{
	"ImportPath": "github.com/frodenas/brokerapi",
	"GoVersion": "go1.5.1",
	"Packages": [
		"./..."
	],
	"Deps": [
		{
			"ImportPath": "code.google.com/p/go-uuid/uuid",
			"Comment": "null-10",
			"Rev": "5fac954758f5aa282478dc07fbb8709fe9575184"
		},
		{
			"ImportPath": "github.com/drewolson/testflight",
			"Rev": "922f722f568944e2107c78b4bcb5f15e9c811253"
		},
		{
			"ImportPath": "github.com/gorilla/context",
			"Rev": "50c25fb3b2b3b3cc724e9b6ac75fb44b3bccd0da"
		},
		{
			"ImportPath": "github.com/gorilla/mux",
			"Rev": "e444e69cbd2e2e3e0749a2f3c717cec491552bbf"
		},
		{
			"ImportPath": "github.com/onsi/ginkgo",
			"Comment": "v1.0.0-28-g6481765",
			"Rev": "6481765dda39cbaae281109e6945449642329197"
		},
		{
			"ImportPath": "github.com/onsi/gomega",
			"Rev": "4699d5a664396173c7d9fcef9e88be297c7bae13"
		},
		{
			"ImportPath": "github.com/pivotal-golang/lager",
			"Rev": "ce9effb2d1062e2d81333f942df0549706901b1b"
		}
	]
}
