{
    "services": [
        {
            "id": "0A789746-596F-4CEA-BFAC-A0795DA056E3",
            "name": "p-cassandra",
            "description": "Cassandra service for application development and testing",
            "bindable": true,
            "tags": [
                "pivotal",
                "cassandra"
            ],
            "metadata": {
                "displayName": "Cassandra",
                "imageUrl": "http://foo.com/thing.png",
                "longDescription": "Long description",
                "providerDisplayName": "Pivotal",
                "documentationUrl": "http://thedocs.com",
                "supportUrl": "http://helpme.no"
            },
            "plan_updateable": true,
            "plans": [
                {
                    "id": "ABE176EE-F69F-4A96-80CE-142595CC24E3",
                    "name": "default",
                    "description": "The default Cassandra plan",
                    "metadata": {
                        "bullets": [
                            "bullet-1"
                        ],
                        "costs": [
                            {
                                "amount": {
                                    "eur": 49,
                                    "usd": 99
                                },
                                "unit": "MONTHLY"
                            }
                        ],
                        "displayName": "Cassandra"
                    },
                    "free": false
                }
            ],
            "dashboard_client": {
                "id": "dashboard-id",
                "secret": "dashboard-secret",
                "redirect_uri": "http://dashboard-redirect"
            }
        }
    ]
}
