{
	"ImportPath": "github.com/cloudfoundry-community/cf-subway",
	"GoVersion": "go1.4.2",
	"Packages": [
		"./..."
	],
	"Deps": [
		{
			"ImportPath": "github.com/codegangsta/cli",
			"Comment": "1.0.0-31-gc606efc",
			"Rev": "c606efc92b966e5f627f2785d28e7e92787e08d0"
		},
		{
			"ImportPath": "github.com/frodenas/brokerapi",
			"Rev": "e43c1f92abd6fdd9b185ab057d938d05fba322a7"
		},
		{
			"ImportPath": "github.com/gorilla/context",
			"Rev": "1c83b3eabd45b6d76072b66b746c20815fb2872d"
		},
		{
			"ImportPath": "github.com/gorilla/mux",
			"Rev": "ad4d7a5882b961e07e2626045eb995c022ac6664"
		},
		{
			"ImportPath": "github.com/mitchellh/mapstructure",
			"Rev": "281073eb9eb092240d33ef253c404f1cca550309"
		},
		{
			"ImportPath": "github.com/onsi/ginkgo",
			"Comment": "v1.2.0-8-g25380c6",
			"Rev": "25380c62e61d3f90436be125b8127dbae578fdef"
		},
		{
			"ImportPath": "github.com/onsi/gomega",
			"Comment": "v1.0-50-gd6c945f",
			"Rev": "d6c945f9fdbf6cad99e85b0feff591caa268e0db"
		},
		{
			"ImportPath": "github.com/pivotal-golang/lager",
			"Rev": "be52ae622d25728f17aac7330e4565201c19155c"
		},
		{
			"ImportPath": "gopkg.in/yaml.v2",
			"Rev": "d466437aa4adc35830964cffc5b5f262c63ddcb4"
		}
	]
}
